[
  {
    "id": "b097f0fe-4a64-41c3-aa5b-ffeac97a2bde",
    "data": [
      {
        "text": "Can I get customer service ",
        "userDefined": false
      },
      {
        "text": "help",
        "alias": "Help",
        "meta": "@Help",
        "userDefined": false
      },
      {
        "text": "?",
        "userDefined": false
      }
    ],
    "isTemplate": false,
    "count": 0,
    "updated": 1535467261
  },
  {
    "id": "052bd492-8f25-4ee3-9dbc-27b7d5038c9d",
    "data": [
      {
        "text": "hello, who are you",
        "userDefined": false
      }
    ],
    "isTemplate": false,
    "count": 0,
    "updated": 1534338351
  },
  {
    "id": "f0bd9d4a-4e02-440c-960a-fce8d5bcae3b",
    "data": [
      {
        "text": "Hello, what services do you offer?",
        "userDefined": false
      }
    ],
    "isTemplate": false,
    "count": 0,
    "updated": 1534338351
  }
]