[
  {
    "id": "c754a976-152e-48f2-b1f6-3f5cad69e34c",
    "data": [
      {
        "text": "where do i print my original Academic Record?",
        "userDefined": false
      }
    ],
    "isTemplate": false,
    "count": 0,
    "updated": 1537367103
  },
  {
    "id": "206bf3cc-169b-449f-9bfc-9b8366db145d",
    "data": [
      {
        "text": "how much is it to get an academic record at Admin block/at Finance?",
        "userDefined": false
      }
    ],
    "isTemplate": false,
    "count": 0,
    "updated": 1537367103
  },
  {
    "id": "eb688db6-4c76-4382-8779-fbd97a23f19c",
    "data": [
      {
        "text": "how much is it to print an academic record at Admin block/Finance?",
        "userDefined": false
      }
    ],
    "isTemplate": false,
    "count": 0,
    "updated": 1537367103
  },
  {
    "id": "5ff522cc-a8ce-43dd-9342-58c451e63e40",
    "data": [
      {
        "text": "how much is it to pay for an academic record at Admin block/at Finance?",
        "userDefined": false
      }
    ],
    "isTemplate": false,
    "count": 0,
    "updated": 1537367103
  }
]