[
  {
    "id": "2ea9db3b-1329-4866-b166-4684d76cfa95",
    "data": [
      {
        "text": "What are the Hostel fees to be paid?",
        "userDefined": false
      }
    ],
    "isTemplate": false,
    "count": 0,
    "updated": 1534766493
  },
  {
    "id": "60273d87-5480-4680-934d-9f844d0e1f36",
    "data": [
      {
        "text": "How much does one pay per Semester?",
        "userDefined": false
      }
    ],
    "isTemplate": false,
    "count": 0,
    "updated": 1534766493
  },
  {
    "id": "b3f65be0-aca5-44c9-b2f6-54747186f1f2",
    "data": [
      {
        "text": "Hostel fees",
        "userDefined": false
      }
    ],
    "isTemplate": false,
    "count": 0,
    "updated": 1534766493
  },
  {
    "id": "69befeba-a57a-4c52-bf52-d1a0e64a69c1",
    "data": [
      {
        "text": "how do i pay for accommodation and tuition fee?",
        "userDefined": false
      }
    ],
    "isTemplate": false,
    "count": 0,
    "updated": 1534766493
  }
]