[
  {
    "id": "e30229ab-6184-42bf-98cc-677ced3a5a52",
    "data": [
      {
        "text": "Does the University have accommodation on campus?",
        "userDefined": false
      }
    ],
    "isTemplate": false,
    "count": 0,
    "updated": 1534337417
  },
  {
    "id": "0e072116-e9fd-402c-99a0-469b1b706e92",
    "data": [
      {
        "text": "Does unam have hostels?",
        "userDefined": false
      }
    ],
    "isTemplate": false,
    "count": 0,
    "updated": 1534335584
  },
  {
    "id": "45e830eb-d475-4243-ba0e-635c46ea4888",
    "data": [
      {
        "text": "Does UNAM have hostels to stay in?",
        "userDefined": false
      }
    ],
    "isTemplate": false,
    "count": 0,
    "updated": 1534335584
  },
  {
    "id": "1068b56c-f98f-41fb-a048-96dd6d157d15",
    "data": [
      {
        "text": "Does UNAM provide Accommodation?",
        "userDefined": false
      }
    ],
    "isTemplate": false,
    "count": 0,
    "updated": 1534335584
  },
  {
    "id": "2f9b9a74-2791-49c0-86a5-287c80a6cc92",
    "data": [
      {
        "text": "What are my accommodation options at the University of Namibia?",
        "userDefined": false
      }
    ],
    "isTemplate": false,
    "count": 0,
    "updated": 1534335584
  }
]