[
  {
    "id": "2b4ba0b6-40fb-4b1e-9e08-562b81f0214b",
    "data": [
      {
        "text": "Hi.. how much is the application fee...?",
        "userDefined": false
      }
    ],
    "isTemplate": false,
    "count": 0,
    "updated": 1537616226
  },
  {
    "id": "4ffadc81-2e56-4c9c-86a1-ac9492e010d9",
    "data": [
      {
        "text": "Please I need help, am a zambian citizen wishing to study medicine at unam but how do I get through and how do I apply online.",
        "userDefined": false
      }
    ],
    "isTemplate": false,
    "count": 0,
    "updated": 1537614978
  },
  {
    "id": "9fbec685-11fe-4e6c-b6f2-b3be3b6d0a2f",
    "data": [
      {
        "text": "I\u0027d like to apply for law.\n January 2019 intake",
        "userDefined": false
      }
    ],
    "isTemplate": false,
    "count": 0,
    "updated": 1536157447
  },
  {
    "id": "96f8be7d-3373-45bd-af07-a82149d57740",
    "data": [
      {
        "text": "What are the documents required to apply online?",
        "userDefined": false
      }
    ],
    "isTemplate": false,
    "count": 0,
    "updated": 1535463484
  },
  {
    "id": "3fc4db95-a859-486e-97c1-d8353d500c45",
    "data": [
      {
        "text": "I want to apply, how do i do that ?",
        "userDefined": false
      }
    ],
    "isTemplate": false,
    "count": 0,
    "updated": 1535463484
  },
  {
    "id": "1a3e5fa6-c196-40c1-a871-7d039254a193",
    "data": [
      {
        "text": "Are applications available now?",
        "userDefined": false
      }
    ],
    "isTemplate": false,
    "count": 0,
    "updated": 1535463840
  },
  {
    "id": "a00cf12e-9e9f-44d8-aac3-c50a22b5884c",
    "data": [
      {
        "text": "how do i apply?",
        "userDefined": false
      }
    ],
    "isTemplate": false,
    "count": 0,
    "updated": 1535463484
  },
  {
    "id": "4501695c-76cf-48fd-92ea-1c515b0ecb53",
    "data": [
      {
        "text": "How does one pay the application fee if he/she is based in another SADC country",
        "userDefined": false
      }
    ],
    "isTemplate": false,
    "count": 0,
    "updated": 1535465741
  },
  {
    "id": "372958c4-8063-4c89-8668-9fa4bd0a18a5",
    "data": [
      {
        "text": "hello i want to apply to UNAM, How do i apply?",
        "userDefined": false
      }
    ],
    "isTemplate": false,
    "count": 0,
    "updated": 1535463484
  }
]