[
  {
    "id": "8cadc294-5d89-4011-8b04-22cfcc1d1beb",
    "data": [
      {
        "text": "I would like to ask when is the due date for applying?",
        "userDefined": false
      }
    ],
    "isTemplate": false,
    "count": 0,
    "updated": 1537615350
  },
  {
    "id": "28fd9fb9-a2d9-4117-83a3-15d21d5427ae",
    "data": [
      {
        "text": "Good morning i want to do this course when must we apply?",
        "userDefined": false
      }
    ],
    "isTemplate": false,
    "count": 0,
    "updated": 1537615090
  },
  {
    "id": "b8454e48-354b-46de-9a3f-72dfb591563b",
    "data": [
      {
        "text": "When does your application start for international students.do we also have to apply for housing or ",
        "userDefined": false
      },
      {
        "text": "first",
        "alias": "ordinal",
        "meta": "@sys.ordinal",
        "userDefined": false
      },
      {
        "text": " we get accepted then you consider us for housing?",
        "userDefined": false
      }
    ],
    "isTemplate": false,
    "count": 0,
    "updated": 1536147506
  },
  {
    "id": "d3fbc94a-c34c-426e-91e8-8626a53e55ed",
    "data": [
      {
        "text": "when is the due date for late applications?",
        "userDefined": false
      }
    ],
    "isTemplate": false,
    "count": 0,
    "updated": 1536145864
  },
  {
    "id": "b82441e0-acae-4f04-9e2c-a57ad1004fb6",
    "data": [
      {
        "text": "when is application opening and the due date for application?",
        "userDefined": false
      }
    ],
    "isTemplate": false,
    "count": 0,
    "updated": 1536145864
  },
  {
    "id": "02fd80f0-204c-456e-b21b-9e686cfecf6c",
    "data": [
      {
        "text": "Good evening i was wondering when applications open?",
        "userDefined": false
      }
    ],
    "isTemplate": false,
    "count": 0,
    "updated": 1536145864
  },
  {
    "id": "49af7211-2882-4615-8fe9-08d70e49b8bd",
    "data": [
      {
        "text": "Dear Sir/Madam. I could like to ask. If will I be able to hand in my late application. And when is school starting for ",
        "userDefined": false
      },
      {
        "text": "the first years",
        "alias": "date-period",
        "meta": "@sys.date-period",
        "userDefined": false
      },
      {
        "text": "?",
        "userDefined": false
      }
    ],
    "isTemplate": false,
    "count": 0,
    "updated": 1536145864
  }
]