[
  {
    "id": "bea9a892-3a6b-4343-807b-c795aa1c4964",
    "data": [
      {
        "text": "hi, Where do we get feedback on whether we have been accepted?",
        "userDefined": false
      }
    ],
    "isTemplate": false,
    "count": 0,
    "updated": 1536158092
  },
  {
    "id": "7fbe86c3-5f58-4809-8879-6c0bff6fd738",
    "data": [
      {
        "text": "how do we know whether we have been admitted or not?",
        "userDefined": false
      }
    ],
    "isTemplate": false,
    "count": 0,
    "updated": 1536158092
  },
  {
    "id": "5b4a5bdc-d856-4929-851e-496086be7c4c",
    "data": [
      {
        "text": "how does one check his/her application status?",
        "userDefined": false
      }
    ],
    "isTemplate": false,
    "count": 0,
    "updated": 1536147419
  },
  {
    "id": "01de043d-2b02-41a7-ba7d-f4c0e2321651",
    "data": [
      {
        "text": "When do we get a feedback telling us we have been accepted in which month ???",
        "userDefined": false
      }
    ],
    "isTemplate": false,
    "count": 0,
    "updated": 1536147419
  }
]