[
  {
    "id": "b82468bd-3165-4b46-89f1-737a649fd4e3",
    "data": [
      {
        "text": "what are the different campus that UNAM have all around Namibia?",
        "userDefined": false
      }
    ],
    "isTemplate": false,
    "count": 0,
    "updated": 1535465552
  },
  {
    "id": "1adb5576-1289-4ee2-83d9-847860e3a0f9",
    "data": [
      {
        "text": "Does the University have any campus tour online?",
        "userDefined": false
      }
    ],
    "isTemplate": false,
    "count": 0,
    "updated": 1535465552
  },
  {
    "id": "98d85f92-b729-4c0f-ac28-93d7b843a44e",
    "data": [
      {
        "text": "UNAM Campuses",
        "userDefined": false
      }
    ],
    "isTemplate": false,
    "count": 0,
    "updated": 1535465552
  },
  {
    "id": "8ccc3c48-a1a6-4dc4-9f97-ebcf04cfb342",
    "data": [
      {
        "text": "how is the Campuses facilities like?",
        "userDefined": false
      }
    ],
    "isTemplate": false,
    "count": 0,
    "updated": 1535465552
  },
  {
    "id": "75f8cfed-3838-454a-8bba-46d197cdac5a",
    "data": [
      {
        "text": "what are the University Campuses like?",
        "userDefined": false
      }
    ],
    "isTemplate": false,
    "count": 0,
    "updated": 1535465552
  },
  {
    "id": "289ed939-b698-4d32-8e82-19872b1f6ea6",
    "data": [
      {
        "text": "Campus tour?",
        "userDefined": false
      }
    ],
    "isTemplate": false,
    "count": 0,
    "updated": 1535465552
  }
]