[
  {
    "id": "d6d7bef4-176b-4cbf-abd6-d8109e631db8",
    "data": [
      {
        "text": "what courses do you offer?",
        "userDefined": false
      }
    ],
    "isTemplate": false,
    "count": 0,
    "updated": 1535985191
  },
  {
    "id": "fd2cf032-6cbd-4fa0-8c51-4e2a02b42ddf",
    "data": [
      {
        "text": "how do i get a prospectus?",
        "userDefined": false
      }
    ],
    "isTemplate": false,
    "count": 0,
    "updated": 1535467022
  },
  {
    "id": "0a69fc3c-32ce-4fa7-b525-7bcde851cb9f",
    "data": [
      {
        "text": "What courses are available at the University of ",
        "userDefined": false
      },
      {
        "text": "Namibia",
        "alias": "geo-country",
        "meta": "@sys.geo-country",
        "userDefined": false
      },
      {
        "text": "?",
        "userDefined": false
      }
    ],
    "isTemplate": false,
    "count": 0,
    "updated": 1534337371
  },
  {
    "id": "0e59f69f-8c22-47ac-92b8-52720a9b5482",
    "data": [
      {
        "text": "What courses are available at your University?",
        "userDefined": false
      }
    ],
    "isTemplate": false,
    "count": 0,
    "updated": 1534337371
  }
]