[
  {
    "id": "87cc656a-4442-4e7e-b36c-ced0dd76a698",
    "data": [
      {
        "text": "Finances department contact details",
        "userDefined": false
      }
    ],
    "isTemplate": false,
    "count": 0,
    "updated": 1537367529
  },
  {
    "id": "df924474-abff-404b-96c9-3d0fd229dd32",
    "data": [
      {
        "text": "Do I need to pay a deposit?",
        "userDefined": false
      }
    ],
    "isTemplate": false,
    "count": 0,
    "updated": 1534340279
  },
  {
    "id": "ba4fb66d-a23f-463a-88a3-b733d8f65c52",
    "data": [
      {
        "text": "How do I pay my fees?",
        "userDefined": false
      }
    ],
    "isTemplate": false,
    "count": 0,
    "updated": 1534340279
  },
  {
    "id": "4689bc7f-c2b1-4bfe-8601-cae263d5a968",
    "data": [
      {
        "text": "What are your payment options?",
        "userDefined": false
      }
    ],
    "isTemplate": false,
    "count": 0,
    "updated": 1535467126
  },
  {
    "id": "0c958e74-b145-4030-95db-06f4d8be67ee",
    "data": [
      {
        "text": "What are the tuition fees for ",
        "userDefined": false
      },
      {
        "text": "2017",
        "alias": "time",
        "meta": "@sys.time",
        "userDefined": false
      },
      {
        "text": "/",
        "userDefined": false
      },
      {
        "text": "18",
        "alias": "number",
        "meta": "@sys.number",
        "userDefined": false
      },
      {
        "text": "?",
        "userDefined": false
      }
    ],
    "isTemplate": false,
    "count": 0,
    "updated": 1534340279
  }
]