[
  {
    "id": "4adf9bc1-12bc-4b45-b66e-92abf337c8ad",
    "data": [
      {
        "text": "Where is UNAM main campus?",
        "userDefined": false
      }
    ],
    "isTemplate": false,
    "count": 0,
    "updated": 1534334231
  },
  {
    "id": "bced54a9-1e75-4d07-a113-8e91cfcc3d5c",
    "data": [
      {
        "text": "Where are you located?",
        "userDefined": false
      }
    ],
    "isTemplate": false,
    "count": 0,
    "updated": 1535461815
  },
  {
    "id": "bbfb698a-69f3-40ac-afda-d7841f60948b",
    "data": [
      {
        "text": "Where is University of Namibia main campus?",
        "userDefined": false
      }
    ],
    "isTemplate": false,
    "count": 0,
    "updated": 1534334231
  }
]