[
  {
    "id": "6ed6d195-8b4f-4971-a3cb-f593641cab2b",
    "data": [
      {
        "text": "Mature Age",
        "userDefined": false
      }
    ],
    "isTemplate": false,
    "count": 1,
    "updated": 1534339541
  },
  {
    "id": "40600668-3415-4e85-926f-4bf5e7779c93",
    "data": [
      {
        "text": "What is and why mature age entry scheme?",
        "userDefined": false
      }
    ],
    "isTemplate": false,
    "count": 0,
    "updated": 1534339541
  },
  {
    "id": "3096311d-a518-4a06-af5a-7f78821d31ae",
    "data": [
      {
        "text": "Mature Age Admission Requirements (General)",
        "userDefined": false
      }
    ],
    "isTemplate": false,
    "count": 0,
    "updated": 1534339541
  },
  {
    "id": "87d7bd6b-a77f-471b-aa46-2d9e84f5bd0e",
    "data": [
      {
        "text": "Mature Age Admission Requirements (Qualification specific)",
        "userDefined": false
      }
    ],
    "isTemplate": false,
    "count": 0,
    "updated": 1534339541
  }
]