[
  {
    "id": "949a0f0d-3f75-4ded-adbc-d6bc27864990",
    "data": [
      {
        "text": "I have problem can you help?",
        "userDefined": false
      }
    ],
    "isTemplate": false,
    "count": 0,
    "updated": 1534767704
  },
  {
    "id": "87030cba-3bcf-4c4d-9552-c2179e8104ef",
    "data": [
      {
        "text": "I need help?",
        "userDefined": false
      }
    ],
    "isTemplate": false,
    "count": 0,
    "updated": 1534767704
  },
  {
    "id": "2275a100-0732-4ccb-bb75-359a230f9c48",
    "data": [
      {
        "text": "I have a problem",
        "userDefined": false
      }
    ],
    "isTemplate": false,
    "count": 0,
    "updated": 1534767704
  }
]