[
  {
    "id": "01c49d43-8cc9-491f-a109-5223e956d969",
    "data": [
      {
        "text": "mature age requirements?",
        "userDefined": false
      }
    ],
    "isTemplate": false,
    "count": 0,
    "updated": 1536158499
  },
  {
    "id": "120b8fb5-2d7e-45c8-8688-0214cd14374a",
    "data": [
      {
        "text": "how to apply for mature age?",
        "userDefined": false
      }
    ],
    "isTemplate": false,
    "count": 0,
    "updated": 1536158499
  },
  {
    "id": "07f1a9cb-ffe0-49e6-9ce6-be279f484f03",
    "data": [
      {
        "text": "applying for mature age?",
        "userDefined": false
      }
    ],
    "isTemplate": false,
    "count": 0,
    "updated": 1536158499
  },
  {
    "id": "9430100b-bdb3-4869-8a6a-5bdb9c71081c",
    "data": [
      {
        "text": "Hi...i want to apply mature age online..can you please ",
        "userDefined": false
      },
      {
        "text": "help",
        "alias": "Help",
        "meta": "@Help",
        "userDefined": false
      },
      {
        "text": " how to apply?",
        "userDefined": false
      }
    ],
    "isTemplate": false,
    "count": 0,
    "updated": 1536158499
  }
]