[
  {
    "id": "192b7fde-6a4b-4fed-a20a-e73b9cf07535",
    "data": [
      {
        "text": "where to find the portal",
        "userDefined": false
      }
    ],
    "isTemplate": false,
    "count": 0,
    "updated": 1537801169
  },
  {
    "id": "c127900c-3ddd-4ec5-ac68-01c12df059cc",
    "data": [
      {
        "text": "how do i login to the portal?",
        "userDefined": false
      }
    ],
    "isTemplate": false,
    "count": 0,
    "updated": 1537801169
  },
  {
    "id": "8d84b25e-6ca0-481b-998d-30624e193d0f",
    "data": [
      {
        "text": "where is the portal?",
        "userDefined": false
      }
    ],
    "isTemplate": false,
    "count": 0,
    "updated": 1537801169
  }
]