[
  {
    "id": "85b61f2d-3fe4-46c9-a99d-5171b94d04ac",
    "data": [
      {
        "text": "I\u0027m currently in the north. Doing distance learning",
        "userDefined": false
      }
    ],
    "isTemplate": false,
    "count": 0,
    "updated": 1536157244
  },
  {
    "id": "2a7869ae-37af-4d60-9528-52317d8eb38b",
    "data": [
      {
        "text": "my modules are not showing",
        "userDefined": false
      }
    ],
    "isTemplate": false,
    "count": 0,
    "updated": 1536157244
  },
  {
    "id": "c0b31179-9d89-4903-8fd0-101c4bc9294b",
    "data": [
      {
        "text": "my results are not showing?",
        "userDefined": false
      }
    ],
    "isTemplate": false,
    "count": 0,
    "updated": 1536157244
  },
  {
    "id": "51e6b882-ecf4-42ce-97e4-a6f2ce74414c",
    "data": [
      {
        "text": "Afternoon, my Computer results are still missing and I want to view my semester ",
        "userDefined": false
      },
      {
        "text": "2",
        "alias": "number",
        "meta": "@sys.number",
        "userDefined": false
      },
      {
        "text": " assignments for introduction to taxation are coming...",
        "userDefined": false
      }
    ],
    "isTemplate": false,
    "count": 0,
    "updated": 1536157244
  }
]