[
  {
    "id": "6dfaee68-1ec9-4662-8c4d-b742a3ffcf91",
    "data": [
      {
        "text": "my results are not showing for some modules?",
        "userDefined": false
      }
    ],
    "isTemplate": false,
    "count": 0,
    "updated": 1536141327
  },
  {
    "id": "d204ab50-2163-4b0b-b62f-6310328b1f72",
    "data": [
      {
        "text": "Good morning, just wanted to inquire on who i should talk to if my results from a module i did in ",
        "userDefined": false
      },
      {
        "text": "2016",
        "alias": "number",
        "meta": "@sys.number",
        "userDefined": false
      },
      {
        "text": " are incorrect?",
        "userDefined": false
      }
    ],
    "isTemplate": false,
    "count": 0,
    "updated": 1536141327
  }
]