[
  {
    "id": "b465b2c5-7cd1-4981-b50b-ab0011e61b83",
    "data": [
      {
        "text": "how does one qualify for ",
        "userDefined": false
      },
      {
        "text": "winter or summer",
        "alias": "date-period",
        "meta": "@sys.date-period",
        "userDefined": false
      },
      {
        "text": " school?",
        "userDefined": false
      }
    ],
    "isTemplate": false,
    "count": 0,
    "updated": 1536578765
  },
  {
    "id": "033ca05c-247d-41cc-9d7a-e9793564b09f",
    "data": [
      {
        "text": "Good Morning when will ",
        "userDefined": false
      },
      {
        "text": "summer",
        "alias": "date-period",
        "meta": "@sys.date-period",
        "userDefined": false
      },
      {
        "text": " term registration start?",
        "userDefined": false
      }
    ],
    "isTemplate": false,
    "count": 0,
    "updated": 1536140785
  },
  {
    "id": "31ed2af2-1242-427e-8c17-edd22be2cf1f",
    "data": [
      {
        "text": "Good Morning when will winter term registration start?",
        "userDefined": false
      }
    ],
    "isTemplate": false,
    "count": 0,
    "updated": 1536140785
  },
  {
    "id": "28d0788b-25ee-4f69-bc6e-3bf91a0805dd",
    "data": [
      {
        "text": "when can we start applying for ",
        "userDefined": false
      },
      {
        "text": "summer",
        "alias": "date-period",
        "meta": "@sys.date-period",
        "userDefined": false
      },
      {
        "text": " school?",
        "userDefined": false
      }
    ],
    "isTemplate": false,
    "count": 0,
    "updated": 1535987929
  },
  {
    "id": "ace69420-8a36-4395-aa75-a300f32756d1",
    "data": [
      {
        "text": "when is winter/summer school starting?",
        "userDefined": false
      }
    ],
    "isTemplate": false,
    "count": 0,
    "updated": 1535987929
  },
  {
    "id": "f15235ac-93bf-43c3-891a-06fd1d3fa5e4",
    "data": [
      {
        "text": "Application for ",
        "userDefined": false
      },
      {
        "text": "summer",
        "alias": "date-period",
        "meta": "@sys.date-period",
        "userDefined": false
      },
      {
        "text": " school?",
        "userDefined": false
      }
    ],
    "isTemplate": false,
    "count": 0,
    "updated": 1535987929
  },
  {
    "id": "9317ffa8-f123-40a6-b04a-9409e0d38d31",
    "data": [
      {
        "text": "When is summer school starting?",
        "userDefined": false
      }
    ],
    "isTemplate": false,
    "count": 0,
    "updated": 1535987929
  }
]