[
  {
    "id": "38b4c6ac-5427-4b25-a7a4-b4d9f73ae21b",
    "data": [
      {
        "text": "Hello when is the deadline for tuition fees?",
        "userDefined": false
      }
    ],
    "isTemplate": false,
    "count": 0,
    "updated": 1536143109
  },
  {
    "id": "0904f80a-aa2b-4e1f-814d-d54739cd53e6",
    "data": [
      {
        "text": "deadline for tuition fees please?",
        "userDefined": false
      }
    ],
    "isTemplate": false,
    "count": 0,
    "updated": 1536143109
  },
  {
    "id": "4c809b81-58d0-4c9f-9c15-99eaea047704",
    "data": [
      {
        "text": "when is the deadline for the ",
        "userDefined": false
      },
      {
        "text": "50%",
        "alias": "percentage",
        "meta": "@sys.percentage",
        "userDefined": false
      },
      {
        "text": " tuition fees?",
        "userDefined": false
      }
    ],
    "isTemplate": false,
    "count": 0,
    "updated": 1536143109
  },
  {
    "id": "ff39efa9-46b9-4990-bbbd-a83a1497e39d",
    "data": [
      {
        "text": "Please confirm the deadline for tuition payments?",
        "userDefined": false
      }
    ],
    "isTemplate": false,
    "count": 0,
    "updated": 1536143109
  }
]