[
  {
    "id": "81afa55c-9f20-42e9-a7e3-cbd6a4c09aef",
    "data": [
      {
        "text": "My portal is giving me ",
        "userDefined": false
      },
      {
        "text": "502",
        "alias": "number",
        "meta": "@sys.number",
        "userDefined": false
      },
      {
        "text": " bad gateway ",
        "userDefined": false
      },
      {
        "text": "problem",
        "alias": "Help",
        "meta": "@Help",
        "userDefined": false
      },
      {
        "text": ". I want to view my results but I really can\u0027t.",
        "userDefined": false
      }
    ],
    "isTemplate": false,
    "count": 0,
    "updated": 1537614721
  },
  {
    "id": "a2726e01-df4f-444b-b447-894fefe4f18e",
    "data": [
      {
        "text": "Hi,  I applied ",
        "userDefined": false
      },
      {
        "text": "last year",
        "alias": "date-period",
        "meta": "@sys.date-period",
        "userDefined": false
      },
      {
        "text": " but didn\u0027t register. I would like to apply again online.  I forgot my password what should I do?",
        "userDefined": false
      }
    ],
    "isTemplate": false,
    "count": 0,
    "updated": 1536314069
  },
  {
    "id": "77265472-72b5-4317-a1e1-816cfbd10f29",
    "data": [
      {
        "text": "Good evening everyone, i have a ",
        "userDefined": false
      },
      {
        "text": "problem",
        "alias": "Help",
        "meta": "@Help",
        "userDefined": false
      },
      {
        "text": " i am not able to access my results as my portal is blocked up to date although i finished paying!",
        "userDefined": false
      }
    ],
    "isTemplate": false,
    "count": 0,
    "updated": 1536157364
  },
  {
    "id": "ffffa91c-6fe7-4dfb-b248-17d288f31222",
    "data": [
      {
        "text": "Good morning! I need help.\n I\u0027m trying to apply online but I can\u0027t go through because I\u0027m already in the system and they are saying that they can\u0027t find any information about me now I\u0027m stuck I can\u0027t and I\u0027m desperate. Is there no way you guys can help me to update my email so that I can get the password or should I just apply manually?",
        "userDefined": false
      }
    ],
    "isTemplate": false,
    "count": 0,
    "updated": 1536147110
  },
  {
    "id": "41a7fbb1-b07c-410a-81ce-a04202006a86",
    "data": [
      {
        "text": "I forgot my portal password",
        "userDefined": false
      }
    ],
    "isTemplate": false,
    "count": 0,
    "updated": 1535985005
  },
  {
    "id": "c43d014b-dc7c-4c7a-90c9-82ac677d682b",
    "data": [
      {
        "text": "Sorry i ",
        "userDefined": false
      },
      {
        "text": "need",
        "alias": "Help",
        "meta": "@Help",
        "userDefined": false
      },
      {
        "text": " login details to apply online",
        "userDefined": false
      }
    ],
    "isTemplate": false,
    "count": 0,
    "updated": 1535985005
  },
  {
    "id": "606a9b2f-34a5-43b4-bf0d-7eb0956c97ef",
    "data": [
      {
        "text": "i forgot my login details",
        "userDefined": false
      }
    ],
    "isTemplate": false,
    "count": 0,
    "updated": 1535985005
  },
  {
    "id": "5859cbf4-219c-4439-ad34-103cdadfa6ca",
    "data": [
      {
        "text": "Am trying to apply online but it says I ",
        "userDefined": false
      },
      {
        "text": "need",
        "alias": "Help",
        "meta": "@Help",
        "userDefined": false
      },
      {
        "text": " the email and password for a student can you ",
        "userDefined": false
      },
      {
        "text": "help",
        "alias": "Help1",
        "meta": "@Help",
        "userDefined": false
      },
      {
        "text": " me with the required info?",
        "userDefined": false
      }
    ],
    "isTemplate": false,
    "count": 0,
    "updated": 1535466759
  },
  {
    "id": "3a84825d-76ca-444f-b235-09e0a7e1c6f5",
    "data": [
      {
        "text": " I ",
        "userDefined": false
      },
      {
        "text": "need",
        "alias": "Help",
        "meta": "@Help",
        "userDefined": false
      },
      {
        "text": " the email and password for a student to apply for Online application, how do i get that?",
        "userDefined": false
      }
    ],
    "isTemplate": false,
    "count": 0,
    "updated": 1535466759
  },
  {
    "id": "5c6a2d2c-3bb3-4c83-8d91-46d89af208fc",
    "data": [
      {
        "text": "My user name and password is not going through",
        "userDefined": false
      }
    ],
    "isTemplate": false,
    "count": 0,
    "updated": 1535466759
  },
  {
    "id": "b52b35df-2811-4f47-8d6c-34b32ea65188",
    "data": [
      {
        "text": "Good morning! I need help. I\u0027m trying to apply online but I can\u0027t go through because I\u0027m already in the system and they are saying that they can\u0027t find any information about me now I\u0027m stuck I can\u0027t and I\u0027m desperate. Is there no way you guys can help me to update my email so that I can get the password or should I just apply manually?",
        "userDefined": false
      }
    ],
    "isTemplate": false,
    "count": 0,
    "updated": 1537615658
  },
  {
    "id": "d9af2678-ef62-46ca-bc05-823e6ef0ead6",
    "data": [
      {
        "text": "Good morning. Im having a difficulty accessing the unam online portal. I want to apply online. Please ",
        "userDefined": false
      },
      {
        "text": "help",
        "alias": "Help",
        "meta": "@Help",
        "userDefined": false
      },
      {
        "text": " me with a link. ",
        "userDefined": false
      },
      {
        "text": "First",
        "alias": "ordinal",
        "meta": "@sys.ordinal",
        "userDefined": false
      },
      {
        "text": " time Undergraduate applicant. Thank you.",
        "userDefined": false
      }
    ],
    "isTemplate": false,
    "count": 0,
    "updated": 1537615297
  },
  {
    "id": "07435e86-a96f-48f5-a9a1-d0ee02d42eb2",
    "data": [
      {
        "text": "Am trying to apply online but it says I ",
        "userDefined": false
      },
      {
        "text": "need",
        "alias": "Help",
        "meta": "@Help",
        "userDefined": false
      },
      {
        "text": " the email and password for a student",
        "userDefined": false
      }
    ],
    "isTemplate": false,
    "count": 0,
    "updated": 1535466759
  },
  {
    "id": "51cf3bf5-91a5-47f6-a436-d1275c39e4c9",
    "data": [
      {
        "text": "how do i get the email and password for a student to check application status?",
        "userDefined": false
      }
    ],
    "isTemplate": false,
    "count": 0,
    "updated": 1535466759
  },
  {
    "id": "522f2bf8-6e88-4d01-bce3-27c9b4304328",
    "data": [
      {
        "text": "how do i get the email and password for a student to apply online",
        "userDefined": false
      }
    ],
    "isTemplate": false,
    "count": 0,
    "updated": 1535466759
  }
]