[
  {
    "id": "7aa7b0db-11fc-45e4-a442-9d5057739668",
    "data": [
      {
        "text": "when are classes for summer school starting?",
        "userDefined": false
      }
    ],
    "isTemplate": false,
    "count": 0,
    "updated": 1536843666
  },
  {
    "id": "29cf57ce-6ba7-46d9-97cb-b6aee1f010cd",
    "data": [
      {
        "text": "when is summer school starting?",
        "userDefined": false
      }
    ],
    "isTemplate": false,
    "count": 0,
    "updated": 1536843666
  },
  {
    "id": "69c818ab-b51a-4af5-b6af-d07dc948bc0a",
    "data": [
      {
        "text": "when are exams Starting for second semester?",
        "userDefined": false
      }
    ],
    "isTemplate": false,
    "count": 0,
    "updated": 1536843666
  },
  {
    "id": "468c736b-db92-4c9b-afdf-e7ee88e0a50e",
    "data": [
      {
        "text": "when is Lectures ending for second semester?",
        "userDefined": false
      }
    ],
    "isTemplate": false,
    "count": 0,
    "updated": 1536843666
  },
  {
    "id": "b15dd5ab-3318-4ed5-b192-f37e61768b08",
    "data": [
      {
        "text": "Is University of Namibia closed?",
        "userDefined": false
      }
    ],
    "isTemplate": false,
    "count": 0,
    "updated": 1536843666
  },
  {
    "id": "6e7f1d05-7082-4978-be1d-e412a0ad7612",
    "data": [
      {
        "text": "is  the University closed?",
        "userDefined": false
      }
    ],
    "isTemplate": false,
    "count": 0,
    "updated": 1536843666
  },
  {
    "id": "1ca38756-cf1c-4791-bfa3-d99bbc53e961",
    "data": [
      {
        "text": "Is UNAM closed?",
        "userDefined": false
      }
    ],
    "isTemplate": false,
    "count": 0,
    "updated": 1536842530
  },
  {
    "id": "231f7a4d-bd24-4a0e-94fe-df29384c98e5",
    "data": [
      {
        "text": "when are lectures starting for ",
        "userDefined": false
      },
      {
        "text": "2019",
        "alias": "number",
        "meta": "@sys.number",
        "userDefined": false
      },
      {
        "text": "?",
        "userDefined": false
      }
    ],
    "isTemplate": false,
    "count": 0,
    "updated": 1536842530
  },
  {
    "id": "ba08df49-9d40-45b9-85d1-14a3a22facab",
    "data": [
      {
        "text": "when is school starting for ",
        "userDefined": false
      },
      {
        "text": "First years?",
        "alias": "date-period",
        "meta": "@sys.date-period",
        "userDefined": false
      }
    ],
    "isTemplate": false,
    "count": 0,
    "updated": 1536842530
  }
]